Workbook

Sheet Raw Data
A1: OrderDate | B1: Region | C1: Product | D1: Quarter | E1: Units | F1: UnitPrice | G1: DiscountPct | H1: Revenue | I1: COGS | J1: CustomerSegment | K1: SourceFile | L1: Margin | M1: MarginPct
A2: 46025 | B2: South | C2: Laptop | D2: Q1 | E2: 6 | F2: 65000 | G2: 0.05 | H2: 370500 | I2: 312000 | J2: SMB | K2: sales_q1.csv | L2: =H2-I2 -> 58500 | M2: =IFERROR(L2/H2,0) -> 0.15789474
A3: 46058 | B3: South | C3: Monitor | D3: Q1 | E3: 9 | F3: 14000 | G3: 0.1 | H3: 113400 | I3: 88200 | J3: Enterprise | K3: sales_q1.csv | L3: =H3-I3 -> 25200 | M3: =IFERROR(L3/H3,0) -> 0.22222222
A4: 46088 | B4: South | C4: Keyboard | D4: Q1 | E4: 12 | F4: 1800 | G4: 0.08 | H4: 19872 | I4: 11400 | J4: Retail | K4: sales_q1.csv | L4: =H4-I4 -> 8472 | M4: =IFERROR(L4/H4,0) -> 0.4263285
A5: 46031 | B5: South | C5: Mouse | D5: Q1 | E5: 15 | F5: 900 | G5: 0.03 | H5: 13095 | I5: 6300 | J5: SMB | K5: sales_q1.csv | L5: =H5-I5 -> 6795 | M5: =IFERROR(L5/H5,0) -> 0.51890034
A6: 46064 | B6: South | C6: Headphones | D6: Q1 | E6: 18 | F6: 3200 | G6: 0 | H6: 57600 | I6: 34200 | J6: Enterprise | K6: sales_q1.csv | L6: =H6-I6 -> 23400 | M6: =IFERROR(L6/H6,0) -> 0.40625
A7: 46057 | B7: North | C7: Laptop | D7: Q1 | E7: 13 | F7: 65000 | G7: 0.1 | H7: 760500 | I7: 676000 | J7: Enterprise | K7: sales_q1.csv | L7: =H7-I7 -> 84500 | M7: =IFERROR(L7/H7,0) -> 0.11111111
A8: 46087 | B8: North | C8: Monitor | D8: Q1 | E8: 16 | F8: 14000 | G8: 0.08 | H8: 206080 | I8: 156800 | J8: Retail | K8: sales_q1.csv | L8: =H8-I8 -> 49280 | M8: =IFERROR(L8/H8,0) -> 0.23913043
A9: 46030 | B9: North | C9: Keyboard | D9: Q1 | E9: 19 | F9: 1800 | G9: 0.03 | H9: 33174 | I9: 18050 | J9: SMB | K9: sales_q1.csv | L9: =H9-I9 -> 15124 | M9: =IFERROR(L9/H9,0) -> 0.4558992
A10: 46063 | B10: North | C10: Mouse | D10: Q1 | E10: 22 | F10: 900 | G10: 0 | H10: 19800 | I10: 9240 | J10: Enterprise | K10: sales_q1.csv | L10: =H10-I10 -> 10560 | M10: =IFERROR(L10/H10,0) -> 0.53333333
A11: 46093 | B11: North | C11: Headphones | D11: Q1 | E11: 25 | F11: 3200 | G11: 0.05 | H11: 76000 | I11: 47500 | J11: Retail | K11: sales_q1.csv | L11: =H11-I11 -> 28500 | M11: =IFERROR(L11/H11,0) -> 0.375
A12: 46086 | B12: West | C12: Laptop | D12: Q1 | E12: 20 | F12: 65000 | G12: 0.08 | H12: 1196000 | I12: 1040000 | J12: Retail | K12: sales_q1.csv | L12: =H12-I12 -> 156000 | M12: =IFERROR(L12/H12,0) -> 0.13043478
A13: 46029 | B13: West | C13: Monitor | D13: Q1 | E13: 23 | F13: 14000 | G13: 0.03 | H13: 312340 | I13: 225400 | J13: SMB | K13: sales_q1.csv | L13: =H13-I13 -> 86940 | M13: =IFERROR(L13/H13,0) -> 0.27835052
... A41: 46156 | B41: East | C41: Headphones | D41: Q2 | E41: 19 | F41: 3200 | G41: 0.03 | H41: 58976 | I41: 36100 | J41: Retail | K41: sales_q2.csv | L41: =H41-I41 -> 22876 | M41: =IFERROR(L41/H41,0) -> 0.3878866

Sheet Pivot Analysis
B2: REVENUE & MARGIN SUMMARY
B3: Column Labels
B4: Q1 | D4: Q2 | F4: Total Sum of Margin | G4: Total Sum of MarginPct
A5: Row Labels | B5: Sum of Margin | C5: Sum of MarginPct | D5: Sum of Margin | E5: Sum of MarginPct
A6: East | B6: 120418 | C6: 1.7558032 | D6: 164114 | E6: 1.7573784 | F6: 284532 | G6: 3.5131816
A7: Headphones | B7: 17748 | C7: 0.35461957 | D7: 22876 | E7: 0.3878866 | F7: 40624 | G7: 0.74250616
A8: Keyboard | B8: 8360 | C8: 0.44444444 | D8: 8710 | E8: 0.41358025 | F8: 17070 | G8: 0.85802469
A9: Laptop | B9: 55250 | C9: 0.17525773 | D9: 91000 | E9: 0.2 | F9: 146250 | G9: 0.37525773
A10: Monitor | B10: 33600 | C10: 0.3 | D10: 35000 | E10: 0.26315789 | F10: 68600 | G10: 0.56315789
A11: Mouse | B11: 5460 | C11: 0.48148148 | D11: 6528 | E11: 0.49275362 | F11: 11988 | G11: 0.9742351
A12: North | B12: 187964 | C12: 1.7144741 | D12: 218230 | E12: 1.7300572 | F12: 406194 | G12: 3.4445313
A13: Headphones | B13: 28500 | C13: 0.375 | D13: 4900 | E13: 0.34027778 | F13: 33400 | G13: 0.71527778
A14: Keyboard | B14: 15124 | C14: 0.4558992 | D14: 17850 | E14: 0.47222222 | F14: 32974 | G14: 0.92812142
A15: Laptop | B15: 84500 | C15: 0.11111111 | D15: 117000 | E15: 0.13043478 | F15: 201500 | G15: 0.24154589
A16: Monitor | B16: 49280 | C16: 0.23913043 | D16: 68040 | E16: 0.27835052 | F16: 117320 | G16: 0.51748095
A17: Mouse | B17: 10560 | C17: 0.53333333 | D17: 10440 | E17: 0.50877193 | F17: 21000 | G17: 1.0421053
... A30: Grand Total | B30: 689934 | C30: 6.9319303 | D30: 879026 | E30: 6.9577129 | F30: 1568960 | G30: 13.889643

Sheet KPI Dashboard
A1: SALES KPI DASHBOARD
G3: Revenue by Region
A4: Total Revenue | C4: =SUM('Raw Data'!H:H) -> 8123440
A5: Total COGS | C5: =SUM('Raw Data'!I:I) -> 6554480 | G5: Region | H5: Revenue | I5: Margin
A6: Total Margin | C6: =C4-C5 -> 1568960 | G6: South | H6: =SUMIF('Raw Data'!B:B,G6,'Raw Data'!H:H) -> 1284691 | I6: =SUMIF('Raw Data'!B:B,G6,'Raw Data'!L:L) -> 250351
A7: Overall Margin % | C7: =IFERROR(C6/C4,0) -> 0.19313985 | G7: North | H7: =SUMIF('Raw Data'!B:B,G7,'Raw Data'!H:H) -> 2309714 | I7: =SUMIF('Raw Data'!B:B,G7,'Raw Data'!L:L) -> 406194
A8: Units Sold | C8: =SUM('Raw Data'!E:E) -> 566 | G8: West | H8: =SUMIF('Raw Data'!B:B,G8,'Raw Data'!H:H) -> 3340303 | I8: =SUMIF('Raw Data'!B:B,G8,'Raw Data'!L:L) -> 627883
A9: Sales Records | C9: =COUNTA('Raw Data'!A:A)-1 -> 40 | G9: East | H9: =SUMIF('Raw Data'!B:B,G9,'Raw Data'!H:H) -> 1188732 | I9: =SUMIF('Raw Data'!B:B,G9,'Raw Data'!L:L) -> 284532
A14: Quarter | B14: Revenue | C14: Growth %
A15: Q1 | B15: =SUMIF('Raw Data'!D:D,A15,'Raw Data'!H:H) -> 3727794 | C15: -
A16: Q2 | B16: =SUMIF('Raw Data'!D:D,A16,'Raw Data'!H:H) -> 4395646 | C16: =IFERROR((B16-B15)/B15,0) -> 0.17915475
